admin1|admin1P|admin1@flight.com|
admin2|admin2P|admin2@flight.com|
admin3|admin3P|admin3@flight.com|
kiki1120|kiki1120P|kiki1120@gmail.com|
bomi365|bomi365P|bomi365@gmail.com|
Openmind7|openmind7P|openmind7@gmail.com|
alibaba1|alibaba1P|alibaba1@gmail.com|
ptr059|ptr059P|ptr059@gmail.com|
maggi88|maggi88P|maggi88@gmail.com|
black99|black99P|black99@gmail.com|
